<?xml version="1.0" encoding="UTF-8"?>
<!DOCTYPE section PUBLIC "-//OASIS//DTD DocBook XML V4.5//EN" "build/dtd/docbookx.dtd">
<section>
  <title>Replaceable phrases</title>

  <informaltable>
    <tgroup cols="2">
      <tbody>
        <row>
          <entry>WinMerge product name</entry>

          <entry><phrase id="wm-prodname">WinMerge</phrase></entry>
        </row>

        <row>
          <entry>Current version (minor)</entry>

          <entry><phrase id="version-full">2.14.0</phrase></entry>
        </row>

        <row>
          <entry>Current version (major)</entry>

          <entry><phrase id="version">2.14</phrase></entry>
        </row>
      </tbody>
    </tgroup>
  </informaltable>
</section>