<?xml version="1.0" encoding="UTF-8"?>
<!DOCTYPE book PUBLIC "-//OASIS//DTD DocBook XML V4.5//EN"
"./build/dtd/docbookx.dtd" [
<!ENTITY About_Doc SYSTEM "About_Doc.xml">
<!ENTITY Quick_start SYSTEM "Quick_start.xml">
<!ENTITY Introduction SYSTEM "Introduction.xml">
<!ENTITY Install SYSTEM "Install.xml">
<!ENTITY Intro_diffs SYSTEM "Intro_diffs.xml">
<!ENTITY Open_paths SYSTEM "Open_paths.xml">
<!ENTITY Compare_dirs SYSTEM "Compare_dirs.xml">
<!ENTITY Compare_files SYSTEM "Compare_files.xml">
<!ENTITY Configuration SYSTEM "Configuration.xml">
<!ENTITY Locales SYSTEM "Locales.xml">
<!ENTITY Plugins SYSTEM "Plugins.xml">
<!ENTITY Filters SYSTEM "Filters.xml">
<!ENTITY Version_control SYSTEM "Version_control.xml">
<!ENTITY Command_line SYSTEM "Command_line.xml">
<!ENTITY Faq SYSTEM "Faq.xml">
<!ENTITY Shortcut_keys SYSTEM "Shortcut_keys.xml">
]>
<book id="index">
  <bookinfo>
    <title>WinMerge <xi:include href="replaceables.xml"
    xmlns:xi="http://www.w3.org/2001/XInclude" xpointer="element(version)" />
    Help</title>

    <productname>WinMerge</productname>

    <releaseinfo><emphasis>Revision 1.5.13</emphasis></releaseinfo>

    <copyright>
      <year>2004-2013</year>

      <holder>Thingamahoochie Software.</holder>
    </copyright>

    <legalnotice>
      <para>Information in this document is subject to change without notice.
      Other products and companies referred to herein are trademarks or
      registered trademarks of their respective companies or mark
      holders.</para>
    </legalnotice>

    <authorgroup>
      <author>
        <surname>Varis</surname>

        <firstname>Kimmo</firstname>
      </author>

      <author>
        <surname>Bradford</surname>

        <firstname>Denis</firstname>
      </author>

      <author>
        <surname>Grimm</surname>

        <firstname>Dean</firstname>
      </author>

      <author>
        <surname>Ganier</surname>

        <firstname>Laurent</firstname>
      </author>

      <author>
        <surname>Gerundt</surname>

        <firstname>Tim</firstname>
      </author>

      <author>
        <surname>Rapp</surname>

        <firstname>Perry</firstname>
      </author>
	  
      <author>
        <surname>List</surname>

        <firstname>Christian</firstname>
      </author>
	  
      <author>
        <contrib>and all others who helped with this.</contrib>
      </author>
    </authorgroup>
  </bookinfo>

  <!--Note to maintainers: Not all doc files are included in this file. There are also fragment files included at the topic 
level. For example, several files include elements from replaceables.xml. Other fragment files are select-unpacker.xml 
and Text_encoding.xml. Pleaes do not delete xml files in this directory unless you know for sure that they are not used.-->

  &About_Doc;

  &Quick_start;

  &Introduction;

  &Install;

  &Intro_diffs;

  &Open_paths;

  &Compare_dirs;

  &Compare_files;

  &Configuration;

  &Locales;

  &Plugins;

  &Filters;

  &Command_line;
  
  &Version_control;

  &Faq;

  &Shortcut_keys;

  <index id="word_index"></index>
</book>
